name, y, z, roll
pos1,-0.794664,0.150300,-1.566410
pos2,-0.807901,0.061365,-1.572008
