name, y, z, roll
before,0.721617,0.767578,-0.030589
after,0.809916,0.898428,-0.031549
before2,0.459225,1.016996,-0.077727
