name, y, z, roll
stack_pos,0.011076,0.611455,-1.602689
mochiage,-0.001922,0.852822,-1.634309
pos_1,0.139777,1.032562,0.104696
pos_2,0.404131,1.028237,0.146728
