name, y, z, roll
turisage,0.855850,0.377388,-1.592806
