name, y, z, roll
firstpos,-1.140785,-0.180375,0.035320
second_pos,-0.552835,-0.713758,-0.129298
stack_pos,0.528214,-0.164742,1.541233
