name, y, z, roll
stack,0.095582,0.676967,-1.612890
before,0.356138,1.064797,0.016146
[A[B,0.666889,1.007023,0.021074
after,0.666882,1.007375,0.022608
