name, y, z, roll
pos_1,0.864851,0.238856,0.048072
pos_2,1.038656,0.245521,-0.041724
stack_pos,-0.000172,0.871503,-1.521080
