name, y, z, roll
pos_4,-0.787785,0.159946,-1.687825
pos_5,-0.790617,0.083832,-1.640866
pos_6,-0.438556,0.685336,-1.615594
stack_pos,-0.019308,0.817075,-1.563688
