name, y, z, roll
front_1,0.920573,0.142092,-0.040787
front_2,1.123158,0.141863,-0.041259
mochiage,1.012603,0.547597,-0.007019
tsurisage,0.851107,0.399171,-1.588500
