name, y, z, roll
ue,0.811934,0.449958,-1.580829
